{
 "n": 5849,
 "n_features": 37,
 "high_risk_rate": 0.37408103949393057,
 "R2": 0.19986816506959912,
 "MSE": 0.09165258877280215,
 "AUC": 0.7552530505245787,
 "Recall": 0.3304387568555759,
 "F1": 0.0,
 "R2_folds": [
  0.207,
  0.137,
  0.212,
  0.23,
  0.212
 ],
 "label_def": "Y_vacancy_90 > 0.7"
}