{
 "完整模型_37特徵": {
  "single_split": {
   "reg_r2": 0.20509409358730168,
   "clf": {
    "auc": 0.7559805739333565
   }
  },
  "groupkfold": {
   "r2": {
    "mean": 0.19986816506959912,
    "std": 0.032336759692154916
   },
   "auc": {
    "mean": 0.7552530505245787,
    "std": 0.02094496336363235
   }
  },
  "dual_threshold": {
   "red_th": 0.6,
   "yellow_th": 0.35,
   "red": {
    "precision": 0.7295660948536832,
    "recall": 0.3304387568555759,
    "f1": 0.0,
    "n_flag": 991
   },
   "yellow": {
    "precision": 0.5613259668508287,
    "recall": 0.696526508226691,
    "f1": 0.0,
    "n_flag": 2715
   },
   "PR_AUC": 0.6614973504025174
  }
 },
 "冷啟動模型_31特徵": {
  "single_split": {
   "reg_r2": 0.15524729966601736,
   "clf": {
    "auc": 0.7354582268658177
   }
  },
  "groupkfold": {
   "r2": {
    "mean": 0.1484660979333142,
    "std": 0.009555190473733134
   },
   "auc": {
    "mean": 0.7359995065654168,
    "std": 0.01781988992818238
   }
  },
  "dual_threshold": {
   "red_th": 0.6,
   "yellow_th": 0.35,
   "red": {
    "precision": 0.7110091743119266,
    "recall": 0.283363802559415,
    "f1": 0.0,
    "n_flag": 872
   },
   "yellow": {
    "precision": 0.5667714061272584,
    "recall": 0.6595063985374772,
    "f1": 0.0,
    "n_flag": 2546
   },
   "PR_AUC": 0.6278229232384518
  }
 },
 "label_def": "Y_vacancy_90 > 0.7",
 "primary_model": "HistGradientBoosting(Isotonic 校準);XGBoost 對照"
}