{
 "完整模型_59特徵": {
  "single_split": {
   "reg_r2": 0.5745228188238245,
   "clf": {
    "auc": 0.9016549392419593,
    "precision": 0.8327974276527331,
    "recall": 0.591324200913242,
    "f1": 0.6915887850467289,
    "n_flag": 311
   },
   "baseline_reg_r2": 0.1466741357845286,
   "baseline_clf_auc": 0.7046342041569978
  },
  "groupkfold": {
   "r2": {
    "mean": 0.2403652655491353,
    "std": 0.0915410513637864
   },
   "auc": {
    "mean": 0.7181873586631632,
    "std": 0.05630072550261397
   }
  },
  "dual_threshold": {
   "red_th": 0.6,
   "yellow_th": 0.35,
   "red": {
    "precision": 0.6824480369515011,
    "recall": 0.26998629511192324,
    "f1": 0.38690671031096563,
    "n_flag": 866
   },
   "yellow": {
    "precision": 0.5278065630397236,
    "recall": 0.6980356327089996,
    "f1": 0.6011014948859166,
    "n_flag": 2895
   },
   "PR_AUC": 0.610625516564288
  },
  "pr_curve": {
   "precision": [
    0.3743,
    0.3756,
    0.3761,
    0.3773,
    0.3784,
    0.3789,
    0.3796,
    0.3796,
    0.3817,
    0.3829,
    0.3837,
    0.385,
    0.3858,
    0.3866,
    0.387,
    0.388,
    0.3888,
    0.3893,
    0.3898,
    0.3905,
    0.3909,
    0.3917,
    0.3925,
    0.3935,
    0.3942,
    0.3951,
    0.3955,
    0.3961,
    0.3972,
    0.3983,
    0.3989,
    0.3997,
    0.4002,
    0.4014,
    0.4022,
    0.4026,
    0.4026,
    0.4037,
    0.405,
    0.406,
    0.4073,
    0.408,
    0.4087,
    0.4101,
    0.4115,
    0.4129,
    0.4137,
    0.4151,
    0.4159,
    0.4165,
    0.4174,
    0.418,
    0.4188,
    0.4197,
    0.4206,
    0.4211,
    0.4223,
    0.4235,
    0.4236,
    0.4244,
    0.4254,
    0.4262,
    0.4264,
    0.4283,
    0.4293,
    0.4296,
    0.4303,
    0.4309,
    0.4317,
    0.4331,
    0.4339,
    0.4345,
    0.4354,
    0.4363,
    0.4373,
    0.4385,
    0.4396,
    0.4399,
    0.4409,
    0.4424,
    0.4429,
    0.4435,
    0.4443,
    0.4454,
    0.4472,
    0.4486,
    0.4487,
    0.4497,
    0.4508,
    0.4511,
    0.4519,
    0.4526,
    0.4538,
    0.4543,
    0.4556,
    0.457,
    0.4574,
    0.459,
    0.4598,
    0.4618,
    0.4624,
    0.4641,
    0.465,
    0.4663,
    0.4678,
    0.4689,
    0.4692,
    0.4699,
    0.4711,
    0.4722,
    0.4719,
    0.473,
    0.4749,
    0.4761,
    0.4768,
    0.4778,
    0.4787,
    0.4798,
    0.4829,
    0.4835,
    0.4831,
    0.4845,
    0.4849,
    0.4866,
    0.4874,
    0.4889,
    0.491,
    0.4924,
    0.4952,
    0.4976,
    0.4981,
    0.4997,
    0.5,
    0.5014,
    0.5021,
    0.5034,
    0.5045,
    0.5063,
    0.5091,
    0.5089,
    0.5096,
    0.5111,
    0.5124,
    0.5137,
    0.5161,
    0.5164,
    0.5174,
    0.5192,
    0.521,
    0.5213,
    0.5212,
    0.522,
    0.5239,
    0.5253,
    0.5265,
    0.5278,
    0.5297,
    0.5297,
    0.5309,
    0.5323,
    0.5351,
    0.5363,
    0.5363,
    0.5371,
    0.5394,
    0.5402,
    0.5423,
    0.5434,
    0.5444,
    0.5441,
    0.5461,
    0.5468,
    0.5481,
    0.5494,
    0.5507,
    0.5504,
    0.5513,
    0.5541,
    0.5549,
    0.5551,
    0.5562,
    0.5567,
    0.5566,
    0.5573,
    0.558,
    0.5588,
    0.5605,
    0.5608,
    0.5612,
    0.5634,
    0.5651,
    0.5656,
    0.5664,
    0.5678,
    0.5705,
    0.5747,
    0.5747,
    0.5785,
    0.5811,
    0.5813,
    0.5844,
    0.586,
    0.5879,
    0.5883,
    0.5909,
    0.5912,
    0.5934,
    0.595,
    0.5945,
    0.5954,
    0.595,
    0.5958,
    0.596,
    0.5955,
    0.597,
    0.5995,
    0.6007,
    0.6029,
    0.6055,
    0.6073,
    0.6062,
    0.6089,
    0.6082,
    0.6118,
    0.6131,
    0.6127,
    0.6159,
    0.6167,
    0.6178,
    0.6175,
    0.6179,
    0.6192,
    0.6199,
    0.622,
    0.6227,
    0.624,
    0.6275,
    0.6281,
    0.6292,
    0.6301,
    0.6325,
    0.6353,
    0.6362,
    0.6358,
    0.639,
    0.6398,
    0.6389,
    0.6397,
    0.6441,
    0.6454,
    0.646,
    0.6474,
    0.6514,
    0.6538,
    0.6566,
    0.6601,
    0.6627,
    0.6654,
    0.6686,
    0.6663,
    0.6742,
    0.6752,
    0.6744,
    0.6749,
    0.6757,
    0.6744,
    0.676,
    0.6772,
    0.6796,
    0.6818,
    0.682,
    0.6838,
    0.6866,
    0.6907,
    0.689,
    0.6942,
    0.6977,
    0.7005,
    0.7084,
    0.7119,
    0.7157,
    0.7212,
    0.7188,
    0.7287,
    0.7325,
    0.7361,
    0.737,
    0.7363,
    0.7358,
    0.7381,
    0.7391,
    0.7412,
    0.7462,
    0.7535,
    0.7505,
    0.7547,
    0.7586,
    0.7623,
    0.7674,
    0.7698,
    0.7652,
    0.7605,
    0.7738,
    0.7892,
    0.7885,
    0.7893,
    0.7934,
    0.7897,
    0.7955,
    0.8095,
    0.8167,
    0.8274,
    0.8325,
    0.8342,
    0.8556,
    0.8758,
    0.869,
    0.8667,
    0.8692,
    0.9043,
    0.9221,
    0.9375,
    0.9808,
    0.9744,
    1.0,
    1.0
   ],